1,คหกรรมศาสตร์,15,2.5,วิทย์-คณิต,x̅,-,-,-,-,-,-,-,-,-,/,/,/,/,/,∑x̅,16,-,-,-
2,เคมีการเกษตร,15,2.5,วิทย์-คณิต,x̅,-,-,-,-,-,-,-,-,-,/,/,/,/,/,∑x̅,16,-,-,-
3,วิทยาศาสตร์เกษตร,90,2.5,วิทย์-คณิต,x̅,-,-,-,-,-,-,-,-,-,/,/,/,/,/,∑x̅,16,-,-,-
4,เกษตรเขตร้อน,10,2.5,วิทย์-คณิต,x̅,-,-,-,-,-,-,-,-,-,/,/,/,/,/,∑x̅,16,-,-,-
5,อาหารและโภชนาการ,15,2.5,วิทย์-คณิต,x̅,-,-,-,-,-,-,-,-,-,/,/,/,/,/,∑x̅,16,-,-,-
6,การจัดการศัตรูพืชและสัตว์,15,2.5,วิทย์-คณิต,x̅,-,-,-,-,-,-,-,-,-,/,/,/,/,/,∑x̅,16,-,-,-
7,สัตวศาสตร์อุตสาหกรรม,15,2.5,วิทย์-คณิต,x̅,-,-,-,-,-,-,-,-,-,/,/,/,/,/,∑x̅,16,-,-,-
8,เกษตรเขตร้อน (นานาชาติ),10,2.5,วิทย์-คณิต,x̅,-,-,-,-,-,-,-,-,-,56,/,/,/,/,∑x̅,16,-,-,-
9,ประมง,140,2.5,วิทย์-คณิต,/,-,-,-,-,-,-,-,-,-,/,/,/,/,/,-,16,-,-,-
10,วนศาสตร์,15,2.5,วิทย์-คณิต,/,-,-,-,-,-,-,-,-,-,/,/,/,/,/,-,16,-,-,-
11,เทคโนโลยีผลิตภัณฑ์ไม้และกระดาษ,5,2.5,วิทย์-คณิต,/,-,-,-,-,-,-,-,-,-,/,/,/,/,/,-,16,-,-,-
12,คณิตศาสตร์,10,2.75,วิทย์-คณิต,180,40,80,-,-,-,-,-,-,-,-,-,-,-,-,-,16,-,-,-
13,เคมี,50,3,วิทย์-คณิต,60,60,60,-,-,-,-,-,-,-,-,-,-,-,-,-,30,-,-,-
14,ชีววิทยา,4,-,วิทย์-คณิต,/,/,/,-,-,-,-,-,-,-,-,-,-,-,-,-,16,-,-,-
15,สถิติ,20,2,วิทย์-คณิต,/,/,/,-,-,-,-,-,-,-,-,-,-,-,-,-,16,-,-,-
16,ฟิสิกส์,10,2.75,วิทย์-คณิต,-,50,70,-,-,-,-,-,-,-,-,-,-,-,-,-,16,-,-,-
17,จุลชีววิทยา,10,2.75,วิทย์-คณิต,/,/,/,-,-,-,-,-,-,-,-,-,-,-,-,-,16,-,-,-
18,พันธุศาสตร์,10,-,วิทย์-คณิต,150,50,100,-,-,-,-,-,-,-,30,30,25,30,40,185,30,-,-,-
19,พฤกษศาสตร์,5,3,วิทย์-คณิต,130,30,60,-,-,-,-,-,-,-,25,25,20,25,35,-,16,-,-,-
20,สัตววิทยา,4,-,วิทย์-คณิต,/,/,/,-,-,-,-,-,-,-,-,-,-,-,-,-,16,-,-,-
21,ชีวเคมี,5,3,วิทย์-คณิต,24,-,-,-,-,-,-,-,/,/,/,/,/,25,25,220,16,-,-,-
22,วิทยาศาสตร์พื้นพิภพ,20,-,วิทย์-คณิต,/,/,/,-,-,-,-,-,-,-,-,-,-,-,-,-,16,-,-,-
23,เคมีอุตสาหกรรม,15,3,วิทย์-คณิต,60,60,60,-,-,-,-,-,-,-,-,-,-,-,-,-,30,-,-,-
24,วิทยาศาสตร์ชีวภาพรังสี,10,-,วิทย์-คณิต,150,50,100,-,-,-,-,300,-,-,30,30,25,30,40,185,30,-,-,-
25,วิทยาศาสตร์นิวเคลียร์,10,-,วิทย์-คณิต,150,50,100,-,-,-,-,300,-,-,30,30,30,30,40,190,30,-,-,-
26,วิทยาการคอมพิวเตอร์,18,-,วิทย์-คณิต,120,40,80,-,-,-,-,-,-,-,-,-,-,-,-,-,16,-,-,-
27,วิทยาการคอมพิวเตอร์ (ภาคพิเศษ),50,-,วิทย์-คณิต,100,35,70,-,-,-,-,-,-,-,-,-,-,-,-,-,16,-,-,-
28,วิทยาศาสตร์ชีวภาพและเทคโนโลยี (นานาชาติ),80,2,วิทย์-คณิต,/,/,/,-,-,-,-,-,-,-,-,-,-,-,-,-,31,-,-,-
29,เคมีบูรณาการ (นานาชาติ),30,2,วิทย์-คณิต,/,/,/,-,-,-,-,-,-,-,-,-,-,-,-,-,16,-,-,-
30,วิศวกรรมเครื่องกล,55,-,วิทย์-คณิต,x̅,x̅,-,x̅,-,-,-,-,-,-,-,-,-,-,-,-,16,-,-,-
31,วิศวกรรมไฟฟ้า,60,-,วิทย์-คณิต,x̅,x̅,-,x̅,-,-,-,-,-,-,-,-,-,-,-,-,16,-,-,-
32,วิศวกรรมโยธา,60,-,วิทย์-คณิต,x̅,x̅,-,x̅,-,-,-,-,-,-,-,-,-,-,-,-,16,-,-,-
33,วิศวกรรมอุตสาหการ,50,-,วิทย์-คณิต,x̅,x̅,-,x̅,-,-,-,-,-,-,-,-,-,-,-,-,16,-,-,-
34,วิศวกรรมคอมพิวเตอร์,50,-,วิทย์-คณิต,x̅,x̅,-,x̅,-,-,-,-,-,-,-,-,-,-,-,-,16,-,-,-
35,วิศวกรรมเคมี,25,-,วิทย์-คณิต,x̅,x̅,-,x̅,-,-,-,-,-,-,-,-,-,-,-,-,16,-,-,-
36,วิศวกรรมไฟฟ้าเครื่องกลการผลิต,15,-,วิทย์-คณิต,x̅,x̅,-,x̅,-,-,-,-,-,-,-,-,-,-,-,-,16,-,-,-
37,วิศวกรรมการบินและอวกาศ,15,-,วิทย์-คณิต,x̅,x̅,-,x̅,-,-,-,-,-,-,-,-,-,-,-,-,16,-,-,-
38,วิศวกรรมสิ่งแวดล้อม,25,-,วิทย์-คณิต,x̅,x̅,-,x̅,-,-,-,-,-,-,-,-,-,-,-,-,16,-,-,-
39,วิศวกรรมวัสดุ,30,-,วิทย์-คณิต,x̅,x̅,-,x̅,-,-,-,-,-,-,-,-,-,-,-,-,16,-,-,-
40,วิศวกรรมโยธา-ทรัพยากรน้ำ,40,-,วิทย์-คณิต,x̅,x̅,-,x̅,-,-,-,-,-,-,-,-,-,-,-,-,16,-,-,-
41,วิศวกรรมเครื่องกล (ภาคพิเศษ),50,-,วิทย์-คณิต,/,/,-,/,-,-,-,∑x̅,-,-,-,-,-,-,-,-,16,-,-,-
42,วิศวกรรมไฟฟ้า (ภาคพิเศษ),65,-,วิทย์-คณิต,/,/,-,/,-,-,-,∑x̅,-,-,-,-,-,-,-,-,16,-,-,-
43,วิศวกรรมอุตสาหการ (ภาคพิเศษ),45,-,วิทย์-คณิต,/,/,-,/,-,-,-,∑x̅,-,-,-,-,-,-,-,-,16,-,-,-
44,วิศวกรรมเคมี (ภาคพิเศษ),40,-,วิทย์-คณิต,/,/,-,/,-,-,-,∑x̅,-,-,-,-,-,-,-,-,16,-,-,-
45,วิศวกรรมไฟฟ้าเครื่องกลการผลิต (ภาคพิเศษ),15,-,วิทย์-คณิต,/,/,-,/,-,-,-,∑x̅,-,-,-,-,-,-,-,-,16,-,-,-
46,วิศวกรรมวัสดุ (ภาคพิเศษ),35,-,วิทย์-คณิต,/,/,-,/,-,-,-,∑x̅,-,-,-,-,-,-,-,-,16,-,-,-
47,วิศวกรรมสำรวจและสารสนเทศภูมิศาสตร์ (ภาคพิเศษ),25,-,วิทย์-คณิต,/,/,-,/,-,-,-,∑x̅,-,-,-,-,-,-,-,-,16,-,-,-
48,การจัดการเทคโนโลยีการบิน (ภาคพิเศษ),25,2.5,วิทย์-คณิต/ ศิลป์-คำนวณ,/,/,/,-,-,-,-,∑x̅,-,-,-,-,-,-,-,-,16,-,-,-
49,วิศวกรรมเครื่องกล (นานาชาติ),10,-,วิทย์-คณิต,/,/,-,/,-,-,-,∑x̅,-,-,-,-,-,-,-,-,16,-,-,-
50,วิศวกรรมไฟฟ้าเครื่องกลการผลิต (นานาชาติ),5,-,วิทย์-คณิต,/,/,-,/,-,-,-,∑x̅,-,-,-,-,-,-,-,-,16,-,-,-
51,วิศวกรรมซอฟต์แวร์และความรู้ (นานาชาติ),10,-,วิทย์-คณิต,/,/,-,/,-,-,-,∑x̅,-,-,-,-,-,-,-,-,16,-,-,-
52,วิศวกรรมการบินและอวกาศ-บริหารธุรกิจ (นานาชาติ),10,-,วิทย์-คณิต,/,x̅,-,x̅,-,-,-,-,-,-,x̅+10,-,-,-,-,-,40,-,-,เลือกวิชาสามัญ (29)หรือ O-NET (03)
53,วิศวกรรมไฟฟ้า (ภาคภาษาอังกฤษ),5,-,วิทย์-คณิต,/,/,-,/,-,-,-,∑x̅,-,-,-,-,-,-,-,-,16,-,-,-
54,วิศวกรรมอุตสาหการ (ภาคภาษาอังกฤษ),5,-,วิทย์-คณิต,/,/,-,/,-,-,-,∑x̅,-,-,-,-,-,-,-,-,16,-,-,-
55,วิศวกรรมสิ่งแวดล้อม (ภาคภาษาอังกฤษ),5,-,วิทย์-คณิต,/,/,-,/,-,-,-,∑x̅,-,-,-,-,-,-,-,-,16,-,-,-
56,พลศึกษา,4,2,-,/,-,-,-,-,/,-,-,/,/,/,/,-,-,-,-,16,-,-,-
57,สุขศึกษา,-,2,-,/,-,-,-,-,/,-,-,/,/,/,/,-,-,-,-,16,-,-,-
58,คหกรรมศาสตรศึกษา,-,2.5,วิทย์-คณิต/ ศิลป์-คำนวณ,/,-,-,-,-,/,-,-,/,/,/,/,-,-,-,-,16,-,-,-
59,การสอนคณิตศาสตร์,10,2.5,วิทย์-คณิต/ ศิลป์-คำนวณ,/,/,-,-,-,/,-,-,/,/,/,/,-,-,-,-,16,-,-,-
60,การสอนวิทยาศาสตร์,10,2.5,วิทย์-คณิต,/,-,/,-,-,/,-,-,/,/,/,/,-,-,-,-,16,-,-,-
61,ธุรกิจและคอมพิวเตอร์ศึกษา,5,2.5,วิทย์-คณิต/ ศิลป์-คำนวณ,/,-,-,-,-,/,-,-,/,/,/,/,-,-,-,-,16,-,-,-
62,เศรษฐศาสตร์,34,2.5,วิทย์-คณิต/ ศิลป์-คำนวณ,/,x̅,-,-,-,-,-,GAT ตอน 2≥24,/,/,/,/,-,-,-,-,16,-,-,-
63,เศรษฐศาสตร์เกษตรและทรัพยากร,10,2.5,วิทย์-คณิต/ ศิลป์-คำนวณ,90,60,-,-,-,-,-,-,/,/,20,20,-,-,-,-,16,-,-,-
64,เศรษฐศาสตร์สหกรณ์,45,2,วิทย์-คณิต/ ศิลป์-คำนวณ,/,/,-,-,-,-,-,-,/,/,20,20,-,-,-,-,16,-,-,-
65,ธุรกิจการเกษตร,10,2.5,วิทย์-คณิต/ ศิลป์-คำนวณ,90,60,-,-,-,-,-,-,/,/,20,20,-,-,-,-,16,-,-,-
66,เศรษฐศาสตร์ (ภาคพิเศษ),39,2.5,วิทย์-คณิต/ ศิลป์-คำนวณ,/,x̅,-,-,-,-,-,GAT ตอน 2≥24,/,/,/,/,-,-,-,-,16,-,-,-
67,เศรษฐศาสตร์เกษตรและทรัพยากร (ภาคพิเศษ),20,2.5,วิทย์-คณิต/ ศิลป์-คำนวณ,90,60,-,-,-,-,-,-,/,/,20,20,-,-,-,-,16,-,-,-
68,เศรษฐศาสตร์สหกรณ์ (ภาคพิเศษ),45,2,วิทย์-คณิต/ ศิลป์-คำนวณ,/,/,-,-,-,-,-,-,/,/,20,20,-,-,-,-,16,-,-,-
69,ธุรกิจการเกษตร (ภาคพิเศษ),20,2.5,วิทย์-คณิต/ ศิลป์-คำนวณ,90,60,-,-,-,-,-,-,/,/,20,20,-,-,-,-,16,-,-,-
70,เศรษฐศาสตร์ (ภาคภาษาอังกฤษ),25,-,-,/,60,-,-,-,-,-,GAT ตอน 2≥75,/,/,/,/,-,-,-,-,16,-,-,-
71,เศรษฐศาสตร์การประกอบการ (นานาชาติ),20,2,-,/,60,-,-,-,-,-,GAT ตอน 2≥75,/,/,/,/,-,-,-,-,16,-,-,-
72,สังคมวิทยาและมานุษยวิทยา,5,2.5,-,/,/,/,-,-,-,-,-,/,/,/,/,/,/,/,-,16,-,-,-
73,จิตวิทยา (จิตวิทยาชุมชน),10,2.5,วิทย์-คณิต,/,/,/,-,-,-,-,-,/,/,/,/,/,/,/,-,16,-,-,-
74,จิตวิทยา (จิตวิทยาคลินิก),10,2.5,วิทย์-คณิต,/,/,/,-,-,-,-,-,/,/,/,/,/,/,/,-,16,-,-,-
75,จิตวิทยา (จิตวิทยาพัฒนาการ),10,2.5,วิทย์-คณิต,/,/,/,-,-,-,-,-,/,/,/,/,/,/,/,-,16,-,-,-
76,จิตวิทยา (จิตวิทยาอุตสาหกรรมและองค์การ),10,2.5,วิทย์-คณิต,/,/,/,-,-,-,-,-,/,/,/,/,/,/,/,-,16,-,-,-
77,รัฐศาสตร์ (การปกครอง),2,2.5,-,/,เลือกสอบ PAT1 หรือ PAT 7 (77-82),,,,,,-,/,/,/,-,-,-,-,-,16,-,-,-
78,รัฐศาสตร์ (ความสัมพันธ์ระหว่างประเทศ),2,2.5,-,/,เลือกสอบ PAT1 หรือ PAT 7 (77-81),,,,,,-,/,/,/,-,-,-,-,-,16,-,-,-
79,รัฐศาสตร์ (บริหารงานยุติธรรมและความปลอดภัย),2,2.5,-,/,เลือกสอบ PAT1 หรือ PAT 7 (77-82),,,,,,-,/,/,/,-,-,-,-,-,16,-,-,-
80,รัฐประศาสนศาสตร์,2,2.5,-,/,เลือกสอบ PAT1 หรือ PAT 7 (77-82),,,,,,-,/,/,/,/,-,-,-,-,16,-,-,-
81,นิติศาสตร์,10,2.5,-,/,เลือกสอบ PAT1 หรือ PAT 7 (77-82),,,,,,-,/,/,/,/,-,-,-,-,16,-,-,-
82,ประวัติศาสตร์,30,2.5,-,/,เลือกสอบ PAT1 หรือ PAT 7 (77-83),,,,,,-,/,/,/,-,-,-,-,-,16,-,-,-
83,จิตวิทยา (จิตวิทยาชุมชน) (ภาคพิเศษ),10,2.5,วิทย์-คณิต,/,/,/,-,-,-,-,-,/,/,/,/,/,/,/,-,16,-,-,-
84,จิตวิทยา (จิตวิทยาคลินิก) (ภาคพิเศษ),10,2.5,วิทย์-คณิต,/,/,/,-,-,-,-,-,/,/,/,/,/,/,/,-,16,-,-,-
85,จิตวิทยา (จิตวิทยาพัฒนาการ) (ภาคพิเศษ),15,2.5,วิทย์-คณิต,/,/,/,-,-,-,-,-,/,/,/,/,/,/,/,-,16,-,-,-
86,จิตวิทยา (จิตวิทยาอุตสาหกรรมและองค์การ) (ภาคพิเศษ),15,2.5,วิทย์-คณิต,/,/,/,-,-,-,-,-,/,/,/,/,/,/,/,-,16,-,-,-
87,รัฐศาสตร์ (การปกครอง) (ภาคพิเศษ),7,2.5,-,/,เลือกสอบ PAT1 หรือ PAT 7 (77-81),,,,,,-,/,/,/,-,-,-,-,-,16,-,-,-
88,รัฐศาสตร์ (ความสัมพันธ์ระหว่างประเทศ) (ภาคพิเศษ),7,2.5,-,/,เลือกสอบ PAT1 หรือ PAT 7 (77-81),,,,,,-,/,/,/,-,-,-,-,-,16,-,-,-
89,รัฐศาสตร์ (บริหารงานยุติธรรมและความปลอดภัย) (ภาคพิเศษ),7,2.5,-,/,เลือกสอบ PAT1 หรือ PAT 7 (77-81),,,,,,-,/,/,/,-,-,-,-,-,16,-,-,-
90,รัฐประศาสนศาสตร์ (ภาคพิเศษ),10,2.5,-,/,เลือกสอบ PAT1 หรือ PAT 7 (77-81),,,,,,-,/,/,/,/,-,-,-,-,16,-,-,-
91,ภูมิศาสตร์ (ภาคพิเศษ),30,2.5,-,/,/,/,-,-,-,-,-,/,/,/,/,/,/,/,-,16,-,-,-
92,นิติศาสตร์ (ภาคพิเศษ),55,2.5,-,/,เลือกสอบ PAT1 หรือ PAT 7 (77-82),,,,,,-,/,/,/,/,-,-,-,-,16,-,-,-
93,สัตวแพทยศาสตร์,86,3.2,-,-,-,-,-,-,-,-,-,-,-,30,30,30,30,30,150,16,-,-,-
94,เทคโนโลยีการบรรจุ,28,2.75,วิทย์-คณิต,-,-,-,-,-,-,-,-,-,-,/,/,/,/,/,∑x̅,16,-,-,-
95,เทคโนโลยีชีวภาพ,25,2.75,วิทย์-คณิต,-,-,-,-,-,-,-,-,-,-,/,/,/,/,/,∑x̅,16,-,-,-
96,พัฒนาผลิตภัณฑ์อุตสาหกรรมเกษตร,25,2.75,วิทย์-คณิต,-,-,-,-,-,-,-,-,-,-,/,/,/,/,/,∑x̅,16,-,-,-
97,วิทยาศาสตร์และเทคโนโลยีการอาหาร,30,3,วิทย์-คณิต,-,-,-,-,-,-,-,-,-,-,/,/,/,/,/,∑x̅+40,16,-,-,-
98,วิทยาศาสตร์และเทคโนโลยีสิ่งทอ,25,2.5,วิทย์-คณิต,-,-,-,-,-,-,-,-,-,-,/,/,/,/,/,∑x̅,16,-,-,-
99,เทคโนโลยีการบรรจุ (ภาคพิเศษ),35,2,วิทย์-คณิต,-,-,-,-,-,-,-,-,-,-,/,/,/,/,/,∑x̅,16,-,-,-
100,เทคโนโลยีชีวภาพ (ภาคพิเศษ),32,2,วิทย์-คณิต,-,-,-,-,-,-,-,-,-,-,/,/,/,/,/,∑x̅,16,-,-,-
101,พัฒนาผลิตภัณฑ์อุตสาหกรรมเกษตร (ภาคพิเศษ),20,2,วิทย์-คณิต,-,-,-,-,-,-,-,-,-,-,/,/,/,/,/,∑x̅,16,-,-,-
102,วิทยาศาสตร์และเทคโนโลยีการอาหาร (ภาคพิเศษ),30,2,วิทย์-คณิต,-,-,-,-,-,-,-,-,-,-,/,/,/,/,/,∑x̅,16,-,-,-
103,วิทยาศาสตร์และเทคโนโลยีสิ่งทอ (ภาคพิเศษ),30,2,วิทย์-คณิต,-,-,-,-,-,-,-,-,-,-,/,/,/,/,/,-,16,-,-,-
104,นวัตกรรมและเทคโนโลยีอุตสาหกรรมเกษตร (นานาชาติ),25,2,วิทย์-คณิต,-,-,-,-,-,-,-,-,-,-,/,/,/,/,/,∑x̅,31,-,-,-
105,ภาษาอังกฤษ,25,3,-,/,-,-,-,-,-,-,-,-,-,-,-,-,-,-,-,50,-,-,-
106,ภาษาอังกฤษ (ภาคพิเศษ),40,3,-,/,-,-,-,-,-,-,-,-,-,-,-,-,-,-,-,50,-,-,-
107,ภาษาฝรั่งเศส,16,3,-,/,-,-,-,-,-,PAT 7 (77),-,-,-,-,-,-,-,-,-,16,-,-,-
108,ภาษาเยอรมัน,10,3,-,40,-,-,-,-,-,PAT 7 (78), PAT 7 (78)≥135,-,-,-,-,-,-,-,-,16,-,-,-
109,ภาษาจีน,13,3,-,/,-,-,-,-,-,PAT 7 (80), PAT 7 (80)≥120,-,-,-,-,-,-,-,-,16,-,-,-
110,วรรณคดี (กลุ่มวิชาวรรณคดีไทย),15,-,-,/,-,-,-,-,-,-,-,-,-,-,-,-,-,-,-,16,-,-,-
111,วรรณคดี (กลุ่มวิชาวรรณคดีอังกฤษ),10,-,-,/,-,-,-,-,-,-,-,-,-,-,-,-,-,-,-,16,-,-,-
112,สื่อสารมวลชน,7,2.75,-,/,เลือกสอบ PAT 1 หรือ PAT 7 (77-82),,,,,,-,/,/,/,-,-,-,-,-,16,-,-,-
113,ภาษาไทย,10,2.75,-,/,-,-,-,-,-,-,-,/,/,/,-,-,-,-,-,16,-,-,-
114,ภาษาตะวันออก (กลุ่มวิชาภาษาจีนธุรกิจ) (ภาคพิเศษ),50,3,-,30,-,-,-,-,-,-,,-,-,-,-,-,-,-,-,16,-,-,-
115,นวัตกรรมการท่องเที่ยว,12,-,-,/,-,-,-,-,-,เลือก 1 วิชา,-,/,/,/,-,-,-,-,-,16,-,-,-
116,การจัดการการท่องเที่ยวเชิงบูรณาการ (หลักสูตรนานาชาติ),15,-,-,/,-,-,-,-,-,-,สัดส่วนวิชา 85=25%,-,-,-,-,-,-,-,-,/,-,-,สัดส่วนวิชา 03=75%
117,ดนตรีตะวันตก,10,-,-,เลือก 1 วิชา จากวิชาสามัญ ภาษาอังกฤษ (รหัส 29) หรือ GAT (รหัส 85) หรือ O-NET ภาษาอังกฤษ (รหัส 03) 16% ของคะแนนเต็ม และสอบความถนัดเฉพาะ,,,,,,,,,,,,,,,,,,,
118,ดนตรีไทย,20,-,-,เลือก 1 วิชา จากวิชาสามัญ ภาษาอังกฤษ (รหัส 29) หรือ GAT (รหัส 85) หรือ O-NET ภาษาอังกฤษ (รหัส 03) 16% ของคะแนนเต็ม และสอบความถนัดเฉพาะ,,,,,,,,,,,,,,,,,,,
119,การเงิน,35,2,-,/,/,-,-,-,-,-,-,-,-,-,-,-,-,-,-,16,-,-,-
120,การจัดการ,35,3,วิทย์-คณิต/ศิลป์-คำนวณ,/,/,-,-,-,-,-,-,/,/,/,/,-,-,-,∑x̅+40,16,-,-,-
121,การจัดการการผลิต,6,2.5,วิทย์-คณิต,/,/,-,-,-,-,-,-,/,/,/,/,-,-,-,∑x̅,16,-,-,-
122,การจัดการการผลิต,4,3,ศิลป์-คำนวณ,/,/,-,-,-,-,-,-,/,/,/,/,-,-,-,∑x̅,16,-,-,-
123,การตลาด,40,2.75,วิทย์-คณิต/ศิลป์-คำนวณ,/,/,-,-,-,-,-,-,-,-,-,-,-,-,-,-,16,-,-,-
124,บัญชี,80,3,-,180,x̅+30,-,-,-,-,-,-,-,-,x̅,x̅,-,-,-,∑x̅+40,16,-,-,-
125,บัญชี (ภาคพิเศษ),80,2.75,-,150,x̅+30,-,-,-,-,-,-,-,-,x̅,x̅,-,-,-,∑x̅+40,16,-,-,-
126,เทคนิคการสัตวแพทย์,45,2.5,วิทย์-คณิต,/,-,-,-,-,-,-,GAT ตอน 2≥40,-,-,/,/,/,/,/,∑x̅,16,-,-,-
127,การพยาบาลสัตว์,45,2.5,วิทย์-คณิต,/,-,-,-,-,-,-,GAT ตอน 2≥40,-,-,/,/,/,/,/,∑x̅,16,-,-,-
128,การพยาบาลสัตว์ (ภาคพิเศษ),40,2.5,วิทย์-คณิต,/,-,-,-,-,-,-,GAT ตอน 2≥40,-,-,/,/,/,/,/,∑x̅,16,-,-,-
129,หลักสูตรสถาปัตยกรรมศาสตรบัณฑิต,20,-,-,/,-,/,-,/,-,-,สัดส่วนวิชาGAT = 20%PAT 2 = 10%PAT 4 = 50%,-,-,-,-,-,-,-,-,20,20,20,"สัดส่วนวิชา03, 04, 05 = 20%"
130,หลักสูตรภูมิสถาปัตยกรรมศาสตรบัณฑิต,30,-,-,/,-,/,-,/,-,-,สัดส่วนวิชาGAT = 20%PAT 2 = 10%PAT 4 = 50%,-,-,-,-,-,-,-,-,20,20,20,"สัดส่วนวิชา03, 04, 05 = 20%"
131,หลักสูตรวิทยาศาสตรบัณฑิต (สถาปัตยกรรม),10,-,-,/,-,-,-,/,-,-,สัดส่วนวิชาGAT = 20%PAT 4 = 50%,-,-,-,-,-,-,-,-,20,25,25,"สัดส่วนวิชา03, 04, 05 = 30%"
132,วิทยาศาสตร์และเทคโนโลยีสิ่งแวดล้อม,30,2.5,วิทย์-คณิต,/,-,-,-,-,-,-,-,-,-,/,/,/,/,/,-,16,-,-,-
133,เครื่องจักรกลและเมคคาทรอนิกส์เกษตร,5,-,วิทย์-คณิต,/,/,/,-,-,-,-,-,-,-,/,/,/,/,/,-,16,-,-,-
134,สัตวศาสตร์,5,-,วิทย์-คณิต,/,/,/,-,-,-,-,-,-,-,/,/,/,/,/,-,16,-,-,-
135,เทคโนโลยีชีวภาพทางการเกษตร,5,-,วิทย์-คณิต,/,/,/,-,-,-,-,-,-,-,/,/,/,/,/,-,16,-,-,-
136,เกษตรศาสตร์ (ยังไม่สังกัดสาขา),10,-,วิทย์-คณิต,/,/,/,-,-,-,-,-,-,-,/,/,/,/,/,-,16,-,-,-
137,วิศวกรรมเกษตร,10,-,วิทย์-คณิต,/,-,/,/,-,-,-,-,-,-,/,/,/,/,-,-,16,-,-,-
138,วิศวกรรมเครื่องกล,10,-,วิทย์-คณิต,/,-,/,/,-,-,-,-,-,-,/,/,/,/,-,-,16,-,-,-
139,วิศวกรรมโยธา-ชลประทาน,7,-,วิทย์-คณิต,/,-,/,/,-,-,-,-,-,-,/,/,/,/,-,-,16,-,-,-
140,วิศวกรรมโยธา,20,-,วิทย์-คณิต,/,-,/,/,-,-,-,-,-,-,/,/,/,/,-,-,16,-,-,-
141,วิศวกรรมการอาหาร,20,-,วิทย์-คณิต,/,-,/,/,-,-,-,-,-,-,/,/,/,/,-,-,16,-,-,-
142,วิศวกรรมอุตสาหการ-โลจิสติกส์,14,-,วิทย์-คณิต,/,-,/,/,-,-,-,-,-,-,/,/,/,/,-,-,16,-,-,-
143,วิศวกรรมคอมพิวเตอร์,15,-,วิทย์-คณิต,/,-,/,/,-,-,-,-,-,-,/,/,/,/,-,-,16,-,-,-
144,วิศวกรรมเกษตร (ภาคพิเศษ),10,-,วิทย์-คณิต,/,-,/,/,-,-,-,-,-,-,/,/,/,/,-,-,16,-,-,-
145,วิศวกรรมเครื่องกล (ภาคพิเศษ),20,-,วิทย์-คณิต,/,-,/,/,-,-,-,-,-,-,/,/,/,/,-,-,16,-,-,-
146,วิศวกรรมโยธา (ภาคพิเศษ),20,-,วิทย์-คณิต,/,-,/,/,-,-,-,-,-,-,/,/,/,/,-,-,16,-,-,-
147,เกษตรและสิ่งแวดล้อมศึกษา (หลักสูตร 4 ปี),10,-,วิทย์-คณิต,/,/,/,-,-,-,-,-,-,-,/,-,-,/,/,-,16,-,-,-
148,พลศึกษาและสุขศึกษา (หลักสูตร 5 ปี),-,-,-,/,-,-,-,-,/,-,-,/,/,/,-,-,-,-,-,16,-,-,-
149,ภาษาอังกฤษศึกษา (หลักสูตร 5 ปี),-,-,-,/,-,-,-,-,/,-,-,/,/,/,-,-,-,-,-,16,-,-,-
150,คณิตศาสตร์ศึกษา (หลักสูตร 5 ปี),-,-,วิทย์-คณิต,/,/,-,-,-,/,-,-,-,-,/,/,-,-,-,-,16,-,-,-
151,วิทยาศาสตร์ศึกษา (หลักสูตร 5 ปี),-,-,วิทย์-คณิต,/,-,-,-,-,/,-,-,-,-,/,/,/,/,/,-,16,-,-,-
152,ภาษาอังกฤษ,10,-,-,/,-,-,-,-,-,-,-,/,/,/,-,-,-,-,-,16,-,-,-
153,ภาษาอังกฤษ (ภาคพิเศษ),25,-,-,/,-,-,-,-,-,-,-,/,/,/,-,-,-,-,-,16,-,-,-
154,วิทยาการคอมพิวเตอร์,20,2.5,วิทย์-คณิต,/,/,/,-,-,-,-,-,-,-,-,-,-,-,-,-,16,-,-,-
155,วิทยาการคอมพิวเตอร์ (ภาคพิเศษ),20,2.25,วิทย์-คณิต,/,/,/,-,-,-,-,-,-,-,-,-,-,-,-,-,16,-,-,-
156,วิทยาศาสตร์ชีวภาพ,25,2,วิทย์-คณิต,/,/,/,-,-,-,-,-,-,-,-,-,-,-,-,-,16,-,-,-
157,เทคโนโลยีสารสนเทศ,15,2.25,วิทย์-คณิต,/,/,/,-,-,-,-,-,-,-,-,-,-,-,-,-,16,-,-,-
158,เทคโนโลยีสารสนเทศ (ภาคพิเศษ),30,2,วิทย์-คณิต,/,/,/,-,-,-,-,-,-,-,-,-,-,-,-,-,16,-,-,-
159,เคมี,25,2.5,วิทย์-คณิต,/,/,/,-,-,-,-,-,-,-,-,-,-,-,-,-,16,-,-,-
160,ฟิสิกส์,10,2,วิทย์-คณิต,/,/,/,-,-,-,-,-,-,-,-,-,-,-,-,-,16,-,-,-
161,การจัดการ,25,-,-,/,/,-,-,-,-,-,-,/,/,/,/,-,-,-,-,16,-,-,-
162,การจัดการ (ภาคพิเศษ),25,-,-,/,/,-,-,-,-,-,-,/,/,/,/,-,-,-,-,16,-,-,-
163,จุลชีววิทยา,20,2,วิทย์-คณิต,/,/,/,-,-,-,-,-,-,-,-,-,-,-,-,-,16,-,-,-
164,การตลาด,35,2.75,-,/,-,-,-,-,-,-,-,/,/,/,/,-,-,-,-,16,-,-,-
165,การตลาด (ภาคพิเศษ),30,2.75,-,/,-,-,-,-,-,-,-,/,/,/,/,-,-,-,-,16,-,-,-
166,คณิตศาสตร์ประยุกต์,10,2.25,วิทย์-คณิต,/,/,/,-,-,-,-,-,-,-,-,-,-,-,-,-,16,-,-,-
167,การจัดการโรงแรมและท่องเที่ยว,15,2,-,/,/,-,-,-,-,-,-,-,-,-,-,-,-,-,-,16,-,-,-
168,การจัดการโรงแรมและท่องเที่ยว (ภาคพิเศษ),60,2,-,/,/,-,-,-,-,-,-,-,-,-,-,-,-,-,-,16,-,-,-
169,การบัญชีบริหาร,10,-,-,/,/,-,-,-,-,-,-,/,/,/,/,-,-,-,-,16,-,-,-
170,การบัญชีบริหาร (ภาคพิเศษ),10,-,-,/,-,-,-,-,-,-,-,/,/,/,/,-,-,-,-,16,-,-,-
171,ภาษาตะวันออก,10,2.75,-,/,-,-,-,-,-,/,-,-,-,-,-,-,-,-,-,16,-,-,-
172,ภาษาอังกฤษเพื่ออุตสาหกรรมบริการ,5,2.5,-,/,-,-,-,-,-,/,-,-,-,-,-,-,-,-,-,16,-,-,-
173,นวัตกรรมการท่องเที่ยว,26,2.5,-,/,-,-,-,-,-,/,-,-,-,-,-,-,-,-,-,16,-,-,-
174,การจัดการธุรกิจการบิน,5,2.5,-,/,/,-,-,-,-,-,-,-,-,-,-,-,-,-,-,16,-,-,-
175,การโรงแรมและภัตตาคาร,6,2.5,-,/,-,-,-,-,-,/,-,-,-,-,-,-,-,-,-,16,-,-,-
176,วิทยาศาสตร์การกีฬาและการออกกำลังกาย,10,-,-,/,-,/,-,-,-,-,-,-,-,/,/,/,/,/,-,16,-,-,-
177,วิทยาศาสตร์การกีฬาและการออกกำลังกาย (ภาคพิเศษ),10,-,-,/,-,/,-,-,-,-,-,-,-,/,/,/,/,/,-,16,-,-,-
178,เศรษฐศาสตร์,80,-,วิทย์-คณิต/ศิลป์-คำนวณ,/,-,-,-,-,-,-,-,/,/,/,/,-,-,-,-,16,-,-,-
179,เศรษฐศาสตร์ (ภาคพิเศษ),50,-,วิทย์-คณิต/ศิลป์-คำนวณ,/,-,-,-,-,-,-,-,/,/,/,/,-,-,-,-,16,-,-,-
180,วิศวกรรมต่อเรือและเครื่องกลเรือ,20,2.5,วิทย์ - คณิต,/,/,-,/,-,-,-,-,/,/,/,/,/,/,-,-,16,-,-,-
181,วิทยาศาสต์การเดินเรือ,20,2.5,วิทย์ - คณิต,/,/,/,-,-,-,-,-,/,/,/,/,/,/,-,-,16,-,-,-
182,การขนส่งทางทะเล,20,2.5,วิทย์ทุกสาย,/,/,/,-,-,-,-,-,/,/,/,/,/,/,-,-,16,-,-,-
183,การจัดการ,40,2,วิทย์-คณิต/ศิลป์-คำนวณ,/,/,-,-,-,-,-,x̅,/,/,/,/,-,-,-,∑x̅,16,-,-,-
184,การตลาด,40,2,วิทย์-คณิต/ศิลป์-คำนวณ,/,/,-,-,-,-,-,x̅,/,/,/,/,-,-,-,∑x̅,16,-,-,-
185,ธุรกิจระหว่างประเทศ,40,2,วิทย์-คณิต/ศิลป์-คำนวณ,/,/,-,-,-,-,-,x̅,/,/,/,/,-,-,-,∑x̅,16,-,-,-
186,การจัดการโรงแรมและท่องเที่ยว,40,2,วิทย์-คณิต/ศิลป์-คำนวณ,/,/,-,-,-,-,-,x̅,/,/,/,/,-,-,-,∑x̅,16,-,-,-
187,การจัดการโลจิสติกส์,40,2,วิทย์-คณิต/ศิลป์-คำนวณ,/,/,-,-,-,-,-,x̅,/,/,/,/,-,-,-,∑x̅,16,-,-,-
188,การบัญชีบริหาร,40,2,วิทย์-คณิต/ศิลป์-คำนวณ,/,/,-,-,-,-,-,x̅,/,/,/,/,-,-,-,∑x̅,16,-,-,-
189,การเงินและการลงทุน ,40,2,วิทย์-คณิต/ศิลป์-คำนวณ,/,/,-,-,-,-,-,x̅,/,/,/,/,-,-,-,∑x̅,16,-,-,-
190,การจัดการ (ภาคพิเศษ),40,2,วิทย์-คณิต/ศิลป์-คำนวณ,/,/,-,-,-,-,-,x̅,/,/,/,/,-,-,-,∑x̅,16,-,-,-
191,การตลาด (ภาคพิเศษ),40,2,วิทย์-คณิต/ศิลป์-คำนวณ,/,/,-,-,-,-,-,x̅,/,/,/,/,-,-,-,∑x̅,16,-,-,-
192,ธุรกิจระหว่างประเทศ (ภาคพิเศษ),40,2,วิทย์-คณิต/ศิลป์-คำนวณ,/,/,-,-,-,-,-,x̅,/,/,/,/,-,-,-,∑x̅,16,-,-,-
193,การจัดการโรงแรมและท่องเที่ยว (ภาคพิเศษ),40,2,วิทย์-คณิต/ศิลป์-คำนวณ,/,/,-,-,-,-,-,x̅,/,/,/,/,-,-,-,∑x̅,16,-,-,-
194,การจัดการโลจิสติกส์ (ภาคพิเศษ),40,2,วิทย์-คณิต/ศิลป์-คำนวณ,/,/,-,-,-,-,-,x̅,/,/,/,/,-,-,-,∑x̅,16,-,-,-
195,การบัญชีบริหาร (ภาคพิเศษ),40,2,วิทย์-คณิต/ศิลป์-คำนวณ,/,/,-,-,-,-,-,x̅,/,/,/,/,-,-,-,∑x̅,16,-,-,-
196,การเงินและการลงทุน (ภาคพิเศษ),40,2,วิทย์-คณิต/ศิลป์-คำนวณ,/,/,-,-,-,-,-,x̅,/,/,/,/,-,-,-,∑x̅,16,-,-,-
197,คณิตศาสตร์ประยุกต์,20,-,วิทย์ - คณิต,/,/,/,-,-,-,-,-,-,-,-,-,-,-,-,-,16,-,-,-
198,เคมี,30,-,วิทย์ - คณิต,-,-,-,-,-,-,-,-,-,-,/,/,/,/,/,-,16,-,-,-
199,วิทยาการคอมพิวเตอร์,30,-,วิทย์ - คณิต,/,/,/,-,-,-,-,-,-,-,-,-,-,-,-,-,16,-,-,-
200,เทคโนโลยีสารสนเทศ,25,-,วิทย์-คณิต/ศิลป์-คำนวณ,/,/,/,-,-,-,-,-,-,-,-,-,-,-,-,-,16,-,-,-
201,ฟิสิกส์,10,-,วิทย์ - คณิต,-,-,-,-,-,-,-,-,-,-,/,/,/,/,/,-,16,-,-,-
202,วิทยาศาสตร์และเทคโนโลยีสิ่งแวดล้อม,25,-,วิทย์ - คณิต,/,/,/,-,-,-,-,-,-,-,-,-,-,-,-,-,16,-,-,-
203,วิทยาการคอมพิวเตอร์ (ภาคพิเศษ),20,-,วิทย์ - คณิต,/,/,/,-,-,-,-,-,-,-,-,-,-,-,-,-,16,-,-,-
204,เทคโนโลยีสารสนเทศ (ภาคพิเศษ),20,-,วิทย์-คณิต/ศิลป์-คำนวณ,/,/,/,-,-,-,-,-,-,-,-,-,-,-,-,-,16,-,-,-
205,วิศวกรรมคอมพิวเตอร์และสารสนเทศศาสตร์,30,2,วิทย์ - คณิต,90,30,-,60,-,-,-,GAT ตอน 2≥30,-,-,-,-,-,-,-,-,20,-,-,-
206,วิศวกรรมเครื่องกลและการออกแบบ,25,2,วิทย์ - คณิต,90,30,-,60,-,-,-,GAT ตอน 2≥30,-,-,-,-,-,-,-,-,20,-,-,-
207,วิศวกรรมไฟฟ้าและอิเล็กทรอนิกส์,30,2,วิทย์ - คณิต,90,30,-,60,-,-,-,GAT ตอน 2≥30,-,-,-,-,-,-,-,-,20,-,-,-
208,วิศวกรรมโยธา,15,2,วิทย์ - คณิต,90,30,-,60,-,-,-,GAT ตอน 2≥30,-,-,-,-,-,-,-,-,20,-,-,-
209,วิศวกรรมอุตสาหการและระบบ,25,2,วิทย์ - คณิต,90,30,-,60,-,-,-,GAT ตอน 2≥30,-,-,-,-,-,-,-,-,20,-,-,-
210,วิศวกรรมเครื่องกลและระบบการผลิต (ภาคพิเศษ),15,2,วิทย์ - คณิต,90,30,-,60,-,-,-,GAT ตอน 2≥30,-,-,-,-,-,-,-,-,20,-,-,-
211,ทรัพยากรเกษตร,5,2.5,วิทย์ - คณิต,-,-,-,-,-,-,-,-,-,-,/,/,/,/,/,∑x̅,16,-,-,-
212,ทรัพยากรเกษตรและการจัดการการผลิต,5,2.5,วิทย์ - คณิต,-,-,-,-,-,-,-,-,-,-,/,/,/,/,/,∑x̅,16,-,-,-
213,เทคโนโลยีการอาหาร,5,2.5,วิทย์ - คณิต,-,-,-,-,-,-,-,-,-,-,/,/,/,/,/,∑x̅,16,-,-,-
214,อาหารปลอดภัยและโภชนาการ,5,2.5,วิทย์ - คณิต,-,-,-,-,-,-,-,-,-,-,/,/,/,/,/,∑x̅,16,-,-,-
215,ประมง,5,2.5,วิทย์ - คณิต,-,-,-,-,-,-,-,-,-,-,/,/,/,/,/,∑x̅,16,-,-,-
216,สัตวศาสตร์,5,2.5,วิทย์ - คณิต,-,-,-,-,-,-,-,-,-,-,/,/,/,/,/,∑x̅,16,-,-,-
217,เทคโนโลยีสารสนเทศ,30,2.5,วิทย์-คณิต/ศิลป์-คำนวณ,-,-,/,-,-,-,-,-,-,-,/,/,/,-,-,50,16,-,-,-
218,วิศวกรรมเครื่องกลและการผลิต,5,2.5,วิทย์-คณิต,-,-,-,/,-,-,-,-,-,-,/,/,/,-,-,50,16,-,-,-
219,วิศวกรรมไฟฟ้า,5,2.75,วิทย์-คณิต,-,-,-,/,-,-,-,-,-,-,/,/,/,-,-,50,16,-,-,-
220,วิศวกรรมโยธา,5,2.5,วิทย์-คณิต,-,-,-,/,-,-,-,-,-,-,/,/,/,-,-,50,16,-,-,-
221,เคมีประยุกต์,30,2.5,วิทย์-คณิต,-,-,/,-,-,-,-,-,-,-,/,/,-,/,/,50,16,-,-,-
222,วิทยาการคอมพิวเตอร์,30,2.5,วิทย์-คณิต/ศิลป์-คำนวณ,-,-,/,-,-,-,-,-,-,-,/,/,/,-,-,50,16,-,-,-
223,วิศวกรรมคอมพิวเตอร์,5,2.75,วิทย์-คณิต,-,-,-,/,-,-,-,-,-,-,/,/,/,-,-,50,16,-,-,-
224,วิศวกรรมอุตสาหการ,5,2.7,วิทย์-คณิต,-,-,-,/,-,-,-,-,-,-,/,/,/,-,-,50,16,-,-,-
225,วิศวกรรมไฟฟ้า (ภาคพิเศษ),10,2,วิทย์-คณิต/อาชีวศึกษา,-,-,-,/,-,-,-,-,-,-,/,/,/,-,-,50,16,-,-,-
226,วิศวกรรมโยธา (ภาคพิเศษ),5,2,วิทย์-คณิต/อาชีวศึกษา,-,-,-,/,-,-,-,-,-,-,/,/,/,-,-,50,16,-,-,-
227,การจัดการ,30,2.5,"วิทย์-คณิต/ศิลป์-คำนวณ/
ศิลป์-ภาษา/ศิลป์-สังคม/
อาชีวศึกษา",/,/,-,-,-,-,-,-,/,/,/,/,-,-,-,120,16,-,-,-
228,การบัญชี,20,3,"วิทย์-คณิต/ศิลป์-คำนวณ/
ศิลป์-ภาษา/อาชีวศึกษา",/,/,-,-,-,-,-,-,/,/,/,/,-,-,-,120,16,-,-,-
229,การตลาด,20,2.5,"วิทย์-คณิต/ศิลป์-คำนวณ/
ศิลป์-ภาษา/ศิลป์-สังคม/
อาชีวศึกษา",/,/,-,-,-,-,-,-,/,/,/,/,-,-,-,120,16,-,-,-
230,การจัดการโรงแรมและท่องเที่ยว,30,2.75,"วิทย์-คณิต/ศิลป์-คำนวณ/
ศิลป์-ภาษา/ศิลป์-สังคม/
อาชีวศึกษา",/,/,-,-,-,-,-,-,/,/,/,/,-,-,-,120,16,-,-,-
231,ภาษาอังกฤษ,50,3,"วิทย์-คณิต/ศิลป์-คำนวณ/
ศิลป์-ภาษา/ศิลป์-สังคม/
ศิลป์-พละ/อาชีวศึกษา",/,-,-,-,-,-,-,-,/,/,/,-,-,-,-,90,16,-,-,-
232,การเงิน,40,3,"วิทย์-คณิต/ศิลป์-คำนวณ/
อาชีวศึกษา",/,/,-,-,-,-,-,-,/,/,/,/,-,-,-,120,16,-,-,-
233,รัฐประศาสนศาสตร์,40,2.75,"วิทย์-คณิต/ศิลป์-คำนวณ/
ศิลป์-ภาษา/ศิลป์-สังคม/
อาชีวศึกษา",/,-,-,-,-,-,-,-,/,/,/,-,-,-,-,90,16,-,-,-
234,นิติศาสตร์,40,2.5,"วิทย์-คณิต/ศิลป์-คำนวณ/
ศิลป์-ภาษา/ศิลป์-สังคม/
อาชีวศึกษา",/,-,-,-,-,-,-,-,/,/,/,-,-,-,-,90,16,-,-,-
235,การจัดการโรงแรมและท่องเที่ยว,30,-,-,/,-,-,-,-,-,-,-,/,/,/,/,-,-,-,-,16,-,-,-
236,การจัดการโรงแรมและท่องเที่ยว (ภาคพิเศษ),30,-,-,/,-,-,-,-,-,-,-,/,/,/,/,-,-,-,-,16,-,-,-
237,วิศวกรรมโยธา-ชลประทาน,40,3,วิทย์-คณิต,/,/,-,/,-,-,-,-,-,-,/,/,/,-,-,150,16,-,-,-
238,โครงการบัณฑิตพันธุ์ใหม่ (ศาสตร์แห่งแผ่นดิน),40,-,-,x̅,-,x̅,-,-,-,-,-,-,-,/,/,/,/,/,-,16,-,-,-
